city,lat,long,city_pop,state
Los Angeles,-74.54888896558626,99.42739423889765,241017,CA
Houston,-42.36537254325229,-144.86437731504424,80059,IL
Phoenix,88.91301857051809,-110.23348887742188,974249,AZ
Phoenix,-41.381126648541624,126.16857980595864,331243,AZ
Los Angeles,14.491612680306744,34.36562834398424,773771,AZ
Houston,9.062515503434128,-177.8759004273262,173716,AZ
Chicago,-17.574559544758046,145.8462278147132,160706,CA
Los Angeles,-83.9199999496524,174.0592449988236,174396,TX
Chicago,-38.81934854673902,58.02661482686287,417152,NY
New York,81.60286533081387,82.01697740771942,723224,CA
Chicago,-86.54563370675555,-131.90369639300008,288078,CA
Los Angeles,38.82303032835344,95.84974710546669,644353,NY
Houston,70.69493244302907,-144.36198114591758,304564,NY
Chicago,47.22959306626325,140.30943794891408,470198,TX
New York,-31.815077449545548,1.7301637932262963,30805,TX
Houston,3.6842193595541914,-129.17571964120847,994023,AZ
Phoenix,66.15855301697985,-148.06353152942512,347639,TX
Phoenix,85.58239100820592,-21.558721675305378,169592,TX
Houston,-72.53476771882586,-178.07805934862003,497953,NY
Los Angeles,-67.61703655404054,166.04161634338743,945958,IL
Chicago,82.04590750444498,-118.553637669467,231159,AZ
Chicago,67.07239566326845,-28.97342968630761,335875,AZ
Houston,-52.00645856640858,38.401574661944494,668198,CA
Chicago,84.61872965133654,62.93382627583958,772439,TX
Phoenix,-52.37963422990947,23.33141729875163,648387,TX
Houston,-74.0672518906879,-115.70753060036407,334216,NY
Chicago,32.73942132261672,-10.152000775983026,798773,TX
New York,7.163282898211634,-63.86527441718762,742057,CA
Los Angeles,-46.86029495953501,-147.82325212534064,485473,NY
New York,77.09001138829254,-40.49128858716236,699965,AZ
New York,-17.236821849064285,39.17993385773363,301634,TX
Chicago,-17.476813760946612,-143.2616092170705,407013,TX
Houston,23.728653389749837,-120.60813022466873,320432,CA
Phoenix,-48.45689194841277,-148.94114801890825,159674,CA
Houston,15.632550986696515,-179.5974365417505,328076,NY
Chicago,-24.482673423867823,157.11648514243342,828639,AZ
Chicago,35.10159015459517,121.78162974412817,200465,CA
Phoenix,-45.41265560404066,-96.64371779888316,329261,CA
New York,-56.61685393778784,27.947898542053196,329514,AZ
New York,-45.03352254766335,108.57681373446502,557641,IL
Houston,78.46826878089794,-48.04655181959612,421732,NY
Los Angeles,62.86120670737529,86.05825031303124,923162,IL
Chicago,59.20171094990641,132.71700843524025,15917,AZ
Phoenix,50.525039341153445,-0.484614434485394,47420,TX
Houston,24.651130010184943,139.69539782666521,543999,NY
Phoenix,-72.28813969995608,-104.4101023859257,265329,AZ
New York,-31.562654559579514,144.51969539234426,77241,AZ
New York,11.136369381685427,109.97581185117951,637141,NY
Houston,-70.96504918010308,122.42355619494731,595683,IL
Los Angeles,-84.57905064496568,-178.3806491129061,777769,TX
New York,-73.1828609018939,58.90489413058745,370443,IL
Phoenix,-70.54746389532426,-35.765226431581766,327620,CA
Chicago,-70.28309002172671,37.643100038152966,297718,IL
Chicago,-55.76899949728947,-149.88307786817285,768736,CA
Los Angeles,-0.16260265069914226,-94.86890839260626,229756,NY
Houston,-38.61888418735763,-53.538147720683625,813694,CA
Los Angeles,64.82385022855976,78.63457116013558,949374,AZ
Phoenix,67.70494454311267,19.049130100014963,204621,CA
Los Angeles,75.64495576065664,-174.73367380235177,988771,AZ
Chicago,-5.191355102257816,-59.4807640796369,318701,AZ
New York,49.32752370367896,158.3858314057826,177424,IL
New York,16.376906745955353,-115.25380665328458,366139,TX
Houston,-64.01293308724408,-94.7601998956895,974041,IL
Phoenix,24.425748196895682,-69.34143027011876,328574,IL
Houston,60.66378642037466,-83.52433122729362,356134,AZ
Los Angeles,-27.370678177748132,-136.1789488510833,204509,TX
Los Angeles,44.401558847824276,-67.44232401557915,141259,AZ
Los Angeles,49.41310441136238,14.195196188265498,450600,TX
Phoenix,25.844998631521904,63.10067297214789,177643,CA
New York,68.98937319768862,51.4282183967529,116605,AZ
Chicago,-63.93215507459307,-121.43669017378231,896706,IL
Chicago,61.81499540652149,41.22870448405655,530730,AZ
Los Angeles,19.931592414284324,-51.00311721244202,37012,NY
Los Angeles,64.01921349786781,115.86092240754209,181718,NY
Los Angeles,5.881971853535589,-49.53190400089716,715844,NY
Phoenix,-30.966743462363638,171.5647497438693,507880,IL
Chicago,71.49485816740304,41.335741232313865,937827,IL
Houston,67.93264675406027,-25.56753785992754,135351,NY
New York,-41.81802174079108,1.1204044987510429,859881,IL
Houston,43.93947977908343,-116.65688042960815,623432,IL
New York,-73.56695236570002,64.84964482098096,563645,IL
Phoenix,-74.52397182265781,166.70435488784136,619558,NY
New York,2.0528018966005988,5.384988636709522,6072,CA
Phoenix,-83.56291361818965,177.24653964751866,258392,CA
Chicago,-11.924444568844791,-125.83354591389946,712221,TX
New York,52.33457138771212,49.5661774160036,762983,AZ
Los Angeles,70.10526126560322,64.04921160071385,234276,CA
Los Angeles,-44.1393421881172,-67.77987981754721,973896,TX
Phoenix,-76.14355199873415,-53.43661789020895,534455,CA
Chicago,23.51779049638796,160.36929913657247,331235,NY
Phoenix,-42.33008860484945,40.298118757282566,857072,TX
Houston,-85.77932774172064,101.34926951531196,431945,NY
Houston,-66.38436374840356,81.35460552466958,5280,NY
Houston,78.90403470617116,39.953588302719595,713628,TX
Los Angeles,67.51373608810303,-162.76622906541448,156012,TX
Houston,59.33113277075253,58.5687826888076,871073,CA
New York,-28.894762682387707,-55.83135878030535,133871,CA
Houston,38.614092230409426,-11.151561723927273,56840,AZ
Los Angeles,82.26266059680356,126.52345584018303,956711,CA
New York,12.164597497454167,168.7347110178199,459216,TX
Chicago,-30.042682376707127,69.94150454749615,922677,CA
Phoenix,53.87929814693243,-96.48702320960561,902776,TX
Phoenix,-12.53925394541173,-65.63208900016167,689292,AZ
New York,13.921864523751992,-130.28018822569487,209967,TX
New York,7.418041292476772,29.052918655240234,794648,AZ
Phoenix,-50.86478614909919,154.76991978089393,333244,AZ
Phoenix,-89.87986543909089,111.93663333021368,279652,AZ
New York,89.7904892575726,15.709845103230151,695795,NY
Phoenix,-14.97028085227737,158.9037202790077,587994,IL
Chicago,-38.91303511052298,142.82986973506638,980719,TX
Houston,47.85868922314799,-50.01278180549889,345764,CA
Houston,16.654448291329842,17.920630414873045,593658,IL
Chicago,68.48277811090418,-73.45372433792483,287187,IL
Houston,50.59818170590327,-176.84216224909366,257551,NY
Houston,-39.28153252060815,-17.57217165931408,505842,TX
Houston,16.603967208699103,90.03975224723331,411058,TX
Los Angeles,0.48635182828839163,48.30120054798846,762470,CA
Chicago,81.9150601104102,153.65476442134815,707606,NY
Phoenix,-46.87737502679882,66.87871211483753,847913,IL
New York,-38.909792200907475,-129.14740056740635,666081,TX
Chicago,75.677077236982,-83.9454426192693,590597,NY
Chicago,-7.59404580069473,-134.8771037566535,742186,AZ
Los Angeles,-7.694188559854382,106.10476923875729,454500,TX
Los Angeles,66.27754782664468,162.2504201410033,471848,IL
Houston,-36.710903320969216,-98.54456202954565,724200,AZ
Los Angeles,35.44157513444904,95.58846428058638,312427,AZ
Phoenix,39.874153207393476,-22.679096430818902,520348,AZ
Phoenix,-10.368297594074761,-52.1227573373407,209765,IL
Houston,-29.887106910846846,175.27854053011185,495130,NY
Los Angeles,44.398014852693336,-55.48338032611042,79847,TX
Houston,-43.93372289726757,57.97069750281128,251257,NY
New York,57.475782756420614,76.60731187674912,595848,IL
Los Angeles,-15.04593465812134,98.29048347899703,859194,CA
Los Angeles,-86.69208256705609,130.32263938602694,285736,TX
Los Angeles,12.468807678326769,23.827200959316883,887201,TX
Los Angeles,-55.004800464353295,37.582861720919055,326449,CA
Phoenix,-6.018259413086952,76.00945040584548,513213,AZ
Houston,55.50038482725202,-126.40052759764282,621492,TX
Phoenix,-55.797650921503525,-107.98184789491637,924194,TX
Houston,-52.53969167972111,95.15160209429268,93882,TX
New York,-4.70772260958195,-131.41247722255392,909219,IL
Los Angeles,-4.229795749946248,67.8483558336705,423003,CA
Chicago,-8.339412931908996,-168.33093333842936,256399,TX
Phoenix,35.00873600220402,-58.48285252408128,760545,CA
Chicago,-41.56237026126289,58.40798319531274,380710,AZ
New York,-43.1049957355741,74.41703361748921,368524,TX
Chicago,-85.9750032899236,46.842072063953566,735634,NY
New York,-21.287756785746623,-21.045712213624938,253148,NY
Phoenix,-54.760822564676566,-88.31823659378786,799823,NY
New York,16.487696889863315,40.78717155390501,654881,NY
Phoenix,-57.38927584763772,-113.40980360118263,174593,IL
Phoenix,71.0155893722613,-158.3041804130698,794691,AZ
Chicago,62.82257802955752,-172.94305945918612,369845,TX
Houston,47.73058629473016,-83.6162338473537,500755,AZ
Houston,55.53435345519779,-169.21213089023803,165490,NY
Houston,82.72498825424017,-90.28487801528138,656276,AZ
Los Angeles,-32.434390723172726,-75.81400701850433,856657,AZ
Chicago,86.3746561930358,-55.824012073807765,922875,IL
New York,70.29407981555346,76.85287570702155,844004,NY
Houston,-24.85942386725634,-21.127667964723344,315535,CA
Chicago,65.53330217219366,174.7083409046735,878897,AZ
Los Angeles,71.51486331159194,161.04846872520665,30588,AZ
Chicago,-83.50410372377254,173.3534230922519,72685,NY
New York,67.67322647582199,-31.59734574044259,692808,IL
Houston,-12.015970616955286,-164.08706751379333,375056,TX
New York,56.041913831398034,129.7071566816403,891403,NY
Los Angeles,-69.99048153725012,-23.440908261102493,86248,TX
New York,-59.00633806033296,50.81816004081821,905406,CA
Los Angeles,86.17970239498999,123.63385153316239,575217,TX
New York,-15.087507395917982,38.63031425178494,903547,AZ
Los Angeles,53.72196053049527,85.28504043572377,721154,IL
Chicago,45.043939743193675,-90.45061212296834,577230,CA
Chicago,51.488868716480994,-109.78024858253096,866238,IL
Chicago,47.63202854096852,19.89693037846257,527335,IL
Chicago,74.51272428515944,49.66049608650542,88256,TX
New York,16.665637611346966,133.84138188415028,131136,IL
Phoenix,-13.41813562806081,115.70351154399708,924974,CA
Los Angeles,76.54137642905937,176.05906911224537,108067,IL
Los Angeles,-25.748493604688804,167.8872208492789,280097,CA
Phoenix,23.52578195308216,44.46351992178822,832896,AZ
Los Angeles,63.93925293905127,1.249614291567326,227820,AZ
Los Angeles,74.88313357131878,93.83137497173357,689385,TX
Chicago,80.89742180922204,-85.90586995552333,229328,NY
Los Angeles,28.787892876721358,-53.144606045947455,250573,AZ
Los Angeles,39.63606586617476,96.1653294213474,437149,NY
Houston,-0.44627462233086135,161.98945643076883,241744,CA
Los Angeles,-38.71935170708943,142.3285973662322,525174,NY
Phoenix,-87.08768540598939,-153.77140838430694,822806,IL
Los Angeles,-50.03266762625985,-96.51005742950012,453960,CA
Phoenix,86.39268187172374,-81.6127576612292,497895,IL
Los Angeles,55.14872937638819,-42.05197397257638,239990,NY
Phoenix,-3.7735226815895544,-154.53872355192598,63513,IL
Los Angeles,-28.153600768726392,-96.88211427220007,657554,CA
Los Angeles,-78.4180130565511,77.81143908148016,407402,IL
Houston,-88.1753642268696,-91.99754902734152,455400,NY
Houston,45.910903511074565,159.31504936453098,349451,IL
Los Angeles,87.4032059891828,-27.707789538819696,230313,IL
Houston,-44.31079579252413,-144.1131273159843,46263,TX
New York,-40.58338202928377,123.3620494712946,881626,CA
New York,78.2414769554787,149.58033934566754,43447,TX
Chicago,18.371126699987173,154.12071915310446,946899,NY
Chicago,-58.71399668413062,-2.185491925544511,512175,AZ
New York,-81.77642776959179,151.38394615711815,438850,NY
Chicago,11.443645946339899,75.30804751101391,111979,NY
Los Angeles,-8.539690137850116,-109.57833201134278,86839,NY
Los Angeles,-12.22300946426131,11.949271105084193,467120,NY
Chicago,84.4675745930459,-24.176315657174,506141,TX
New York,-42.68204717881448,-17.620774324219354,840950,NY
Phoenix,-2.1616930449837923,-31.201533333721102,244935,IL
Los Angeles,-51.598077558456794,-116.90129113600368,634365,NY
Houston,-32.07795290924344,-39.5882016724392,43582,AZ
Phoenix,47.86080741367542,4.320489486465334,158179,CA
Houston,-54.485911234885215,-77.15724991811084,523414,TX
Los Angeles,31.767206748395807,-116.33376154492885,410123,TX
Chicago,-66.66400078914687,-108.63525219860087,238095,TX
Houston,-55.69690572586272,-110.53068893931317,87398,TX
New York,-85.84320426308643,-19.169876184361556,242438,NY
Houston,23.483625702614646,-104.73137631665905,176835,AZ
New York,88.25768778552984,78.23772986929282,788998,NY
Phoenix,28.165561504350777,-59.17401791172591,126177,CA
Phoenix,76.19782069167229,158.17834746756955,695050,CA
Chicago,4.7534231189117975,-157.41748791193936,48750,NY
New York,32.451555752364214,-68.41703151771421,367374,NY
Chicago,76.59593374590455,85.80614645631812,487126,NY
Houston,-74.48057740529178,66.52201536933566,111707,AZ
Chicago,17.538677539466505,-28.57240302719643,616216,TX
Houston,13.595215576955695,133.27117583276498,855811,CA
Phoenix,-84.0327320650366,-154.30606567899102,528487,CA
Chicago,-61.88412221204604,3.2752935154393867,762257,TX
Phoenix,9.422905396361841,-107.85103077196605,687063,TX
Houston,-0.4184780667113728,-45.38036768459449,750583,CA
New York,-28.110900592595,71.66236777949328,877217,CA
Los Angeles,35.58917239355131,-144.36996105572618,87197,AZ
Houston,-25.158254261880757,-164.2421997410994,929046,CA
Houston,48.39637702350859,-28.50110746712599,867719,NY
Los Angeles,55.662713479045976,-82.28820653901113,104897,NY
Los Angeles,26.02406155269145,79.3872011563526,454275,TX
Phoenix,-39.783426304628456,-156.40178602196656,776899,TX
Houston,54.47845821302809,167.94195763010816,11475,NY
Houston,-44.67830496018256,43.47078691805905,881710,TX
Chicago,-35.45828652640324,0.4556541238289924,534282,NY
Los Angeles,19.584985953120494,-31.48212239918115,560451,AZ
New York,34.02821396596724,89.64188620759558,930364,TX
Houston,-23.16773763788119,-51.72343712258245,768287,IL
Chicago,16.449779802645423,99.70124847946335,833854,CA
New York,-45.362049472083044,75.84930509288222,554377,NY
Phoenix,53.06673470355949,18.48562581544431,901707,CA
Chicago,88.5830677982861,139.9220974327743,701726,CA
New York,35.70623509034694,-55.44511548072187,86277,TX
Houston,-32.514262906347625,-159.17394010472407,685918,CA
Chicago,-27.22366679518006,-44.56758452148841,964175,IL
Los Angeles,-84.50541723171696,135.12056932767132,839985,TX
New York,26.45157949855097,-152.1663673873409,412147,NY
Houston,18.003809037686153,94.7350707628404,337939,CA
Chicago,81.82595230152063,117.09322450406927,574544,CA
New York,-17.61578365111251,-25.937025831350923,115154,AZ
Phoenix,77.92633775431963,-109.97303067048702,801908,NY
Phoenix,46.84461530559946,-52.014377483044214,949606,AZ
Los Angeles,-38.15943866975079,-36.550204012752715,137608,NY
Chicago,-87.04208285674432,155.6131946044141,531178,CA
Chicago,40.79900865205906,-77.53590986106101,854461,CA
Los Angeles,-0.6574071035372526,170.1405429858707,233087,IL
Chicago,83.13407960445312,-140.82464146285292,446130,TX
Phoenix,-86.02107327225322,170.65059184853084,394006,IL
Phoenix,3.942867183024518,-99.60506028742391,869774,NY
Los Angeles,51.988162751794306,-119.60649791313759,466211,NY
Houston,52.159085586165645,-136.7638432749941,808567,NY
Los Angeles,30.970705374984874,-66.14684727361907,666253,NY
Phoenix,-19.01295414988131,41.96218025001687,855707,TX
Los Angeles,-77.89631431231588,59.878805991991584,639711,CA
Phoenix,-35.6833668166134,-46.816162671984216,503601,IL
Houston,27.20742942002306,-96.92708379533697,328555,CA
Phoenix,48.79060418834726,178.2103833126867,41389,AZ
Chicago,57.12843471725418,-82.58862829102557,345669,IL
New York,49.33462327635786,-43.81541289594719,765651,NY
Houston,-31.71748341389113,-6.847369520464326,639626,NY
New York,34.93602446453997,86.25170079171164,471075,AZ
Houston,84.434175976029,-125.2458962935987,299923,IL
Houston,-65.42970981376591,-84.191701852696,983678,TX
Houston,41.64504884999758,178.88604478238426,790231,TX
Houston,-16.20341593720144,117.05725810568737,664627,NY
Phoenix,-49.50114313695196,-20.20561030816492,827798,NY
Chicago,-32.39234357121152,-140.87191041234075,942333,NY
Phoenix,-60.03503695363263,132.01511986847208,763070,AZ
Phoenix,56.761627146833376,101.88151745564426,366566,AZ
Chicago,-20.256939880330933,29.047574081735462,642172,CA
Houston,78.77148289266663,-34.395441405494665,531292,AZ
Chicago,83.94948998065789,156.8213109501313,586969,IL
New York,83.83362378339265,-73.56208228276867,164663,AZ
Chicago,-61.97194715699504,-64.47091444438867,709575,IL
Phoenix,-27.65050956523877,135.19241377175842,456280,TX
Houston,-34.130725313394414,45.483283433557034,626270,CA
Phoenix,76.08215661338355,162.32415677423268,371114,AZ
New York,-74.43446081632422,52.204034870285824,863577,TX
Houston,15.950775102423094,-168.12328021586657,654226,IL
Los Angeles,-2.6329529028448917,-116.35340602067075,689822,CA
Phoenix,85.7285172992415,-78.54890345078594,243904,TX
Phoenix,83.39393253532765,132.21388735033452,395224,IL
Chicago,-13.680251884497252,119.1079778057653,803277,CA
Houston,-10.552673979288187,104.51774226186637,110431,NY
Phoenix,-20.783718276396925,19.273543376300353,613625,AZ
New York,52.050985502374516,-129.97441821111425,460844,NY
Houston,-71.9674023953837,-132.767724182206,775127,NY
Houston,-69.0935578294645,-134.60689793142444,680804,NY
Chicago,36.84470228699513,127.66031632062425,513956,TX
Phoenix,-86.99638281515574,-129.03944826755955,843651,NY
Phoenix,30.78535790383998,111.06986912814602,643451,NY
Los Angeles,-66.83471453706439,124.10984251086529,999985,TX
Los Angeles,51.513404227338555,-142.18770804998908,530979,AZ
Houston,43.13492071537024,144.72113807979224,807703,CA
Phoenix,-57.19314619975291,143.1137378043686,864586,CA
Chicago,46.247887413030924,49.75623702899932,748017,AZ
Phoenix,52.241504716624576,4.683460576019257,763743,TX
Chicago,76.60118072920352,53.03001378484723,990361,NY
Los Angeles,40.40003898650434,-34.26618038512919,487704,CA
New York,66.16821061132038,31.917698373159993,434385,AZ
Phoenix,24.746352866759352,169.02909576860657,493676,AZ
Los Angeles,22.59294640396091,-139.2156820576641,341536,NY
New York,31.561914901893715,-95.83529274639262,445675,AZ
New York,-16.85674668189705,8.672489069700362,956790,TX
Los Angeles,-48.85672176803588,-86.90092185015057,855223,TX
Los Angeles,-15.603354910173664,177.3969976898656,392414,CA
Los Angeles,16.810239343063742,79.29733494040602,924729,IL
Chicago,34.20096125507747,-23.768488357644515,970650,AZ
Houston,-7.793348021954614,144.9870396514171,351057,TX
Houston,-30.580122129137777,-127.99910393844051,592082,NY
Houston,-45.55960883624604,-76.354207134802,501680,NY
Chicago,-57.02417879703983,164.13597429699047,480396,IL
Los Angeles,-4.253413642852692,20.509898644504688,22669,IL
Houston,37.15035363647843,151.43870400518853,890122,IL
Chicago,59.3726715865032,174.31468362591824,71789,NY
Chicago,-27.843842869122547,-50.31860899433366,589266,AZ
Los Angeles,20.0095682517876,27.534592421751313,698948,TX
New York,-4.012555975498358,124.81007322646809,915447,NY
Chicago,83.92719175766644,-81.81320793112715,167154,TX
Phoenix,68.83071742193209,-19.168473741167617,420919,IL
Chicago,68.80922100811543,-124.8049121265411,963871,CA
New York,14.256196256731002,54.91332668868799,770293,AZ
New York,-11.370133866828766,-178.4900140471959,753079,IL
Phoenix,27.33428109385001,-18.249017045817965,464161,IL
Houston,-61.262560666740235,154.4921971147923,373816,TX
Chicago,68.93509304489382,143.02888619709785,905569,NY
Los Angeles,-41.17810258108407,109.35712284367327,858719,CA
Los Angeles,58.841836146174614,-129.18272166090773,421487,AZ
Phoenix,-36.269813059775146,7.293619954266063,262462,CA
New York,3.963518544359374,78.89007909188933,108299,IL
Houston,49.009739227540734,-143.57751093674082,455608,CA
Chicago,-19.12699658460953,-127.07857746223529,719697,AZ
Chicago,-25.559320427224307,-165.57635371276203,709097,IL
Chicago,69.81699664168343,-63.69349663443258,896691,AZ
Los Angeles,-77.59638129571391,135.83604066771846,598692,CA
Houston,61.47617093899808,2.6912790122665626,660641,IL
Phoenix,77.07572134324678,127.17745574877273,442714,IL
Los Angeles,11.368972161015947,-149.88593814520482,963932,AZ
New York,35.27470639984696,-159.80301684126496,170074,NY
Houston,65.06060301799775,109.40438488881301,61446,IL
New York,-11.604982379506126,-0.8099428998768303,345989,AZ
Chicago,68.18182568090862,-10.46554401285897,254148,AZ
Los Angeles,-22.992958102140165,-8.766260393101504,271535,AZ
Houston,-34.83514496631131,-42.81434776216744,306669,NY
Los Angeles,86.97609743555702,139.1058354281721,886682,TX
Houston,-84.3933606031355,7.558966809261477,761433,IL
Chicago,-32.47905656249835,170.59945342802467,34325,CA
Houston,-7.460988684270845,124.74934120512813,954538,AZ
Chicago,-34.0408307246656,85.52556599779996,614105,CA
Los Angeles,-39.21067958559106,49.03487341622204,598755,AZ
Los Angeles,-23.2774690991275,120.66127988224218,559130,AZ
Los Angeles,-18.349020189855167,137.42305500747955,337888,IL
Chicago,-77.11126725666725,-132.0332886714981,653014,NY
New York,49.54355452630901,-50.49324669012853,701559,NY
New York,-59.71556819401084,109.96162476563637,572152,CA
Houston,-82.61612146882753,-100.32996164537838,902922,TX
Los Angeles,16.268248673141642,31.031303346940007,327390,NY
New York,30.34685463883794,100.9621835383719,495929,NY
Phoenix,46.85024955635106,-99.38236207926089,834164,TX
Los Angeles,-74.19882253359715,-35.274929807079275,835091,NY
Phoenix,-59.089502236189134,149.44164282747664,79847,IL
New York,-57.182866187629635,-51.83915070329607,958330,IL
Chicago,16.855249636773365,37.69917526724214,291901,CA
Phoenix,70.14985445078577,-23.815849725837808,601705,CA
Phoenix,37.15686893164627,135.73224858104817,541768,CA
Los Angeles,-33.35266328802702,-27.306859301941188,417809,IL
Houston,63.568833388455374,-50.678063025515485,388345,CA
Chicago,30.562849639893898,-117.62188647637947,881314,CA
Los Angeles,33.920468068440385,-54.272802186794905,195027,IL
Los Angeles,82.32482526760023,61.039580447135876,808308,TX
New York,81.06563543234859,-116.70810062106668,933611,CA
Houston,-20.578915788623448,73.93471034196611,999548,NY
Houston,24.450299393516744,-176.167068967582,302824,IL
Chicago,-53.63634663435298,-47.89691805504896,414411,TX
Chicago,-15.855794288065951,-12.26346098156776,184604,NY
Houston,-40.78566344321969,-145.39667828938994,655387,NY
Phoenix,-23.8743089270925,66.27506396574779,405016,AZ
Phoenix,31.573145463728494,-143.00751263145986,502779,TX
Los Angeles,-52.155868082312764,-147.61375531540315,899253,AZ
Houston,-57.54078374249788,-47.54408523677918,839465,IL
Los Angeles,-21.719087338429134,85.78742575349406,218837,TX
Phoenix,-72.33517165841147,166.9229854715897,180625,AZ
Chicago,56.500874083532494,99.36641997399448,398336,IL
Houston,82.52974659668908,-12.238311395121173,789019,CA
New York,54.240614955090905,-81.86495187495531,894789,NY
Los Angeles,5.653451042565962,-71.49105618977956,69738,IL
Houston,31.34459497818159,-77.86849458053507,985942,TX
New York,55.004108987251385,-79.80379916713613,418606,NY
Los Angeles,-77.71888831453188,-155.12544441742486,243298,NY
Phoenix,-14.73768020688614,-100.63947309624442,432837,IL
Los Angeles,-64.11952199271025,-141.1461060917004,320470,CA
Chicago,-73.66626299404149,-177.34544045521199,585953,IL
Los Angeles,46.615150671484685,-77.18338950999666,525331,AZ
Los Angeles,64.45275349697124,-53.21110773961115,682399,AZ
Houston,-74.91674998952331,153.87603024311846,665276,AZ
Houston,-57.81567371780227,178.1358120168914,382571,TX
Phoenix,-50.2521934148417,28.59751938392924,58536,IL
Chicago,64.25155757379696,144.35406413181914,92876,NY
Chicago,74.44241366757748,42.56137225658449,240848,TX
Phoenix,47.69551364555508,-0.8719529150741607,120559,AZ
New York,53.34781601422981,-164.6340307616992,293717,TX
Los Angeles,-28.315952391171813,-163.94539572835353,905525,NY
Houston,-16.503349777350806,-168.91291824914126,392171,TX
Phoenix,-39.511931786192534,-125.97108519982967,639456,CA
Phoenix,82.50842265492645,-152.31527624072342,257934,AZ
Houston,40.97815537846054,-109.91568835503115,111337,IL
Houston,-28.557765461111686,6.915546500156836,712754,AZ
New York,-65.57844410218087,1.1523110422737375,559246,AZ
Chicago,-54.934252752971126,-56.09419558519278,357094,IL
Houston,-53.264948572420735,59.75102522226234,29947,IL
Phoenix,20.665998653203502,-38.907518261931415,580292,NY
Los Angeles,72.53214145421023,-100.71352407105651,79271,NY
New York,66.36199504354545,69.1751137829711,116316,CA
Los Angeles,-77.45084507705599,172.87345710003888,923000,TX
Los Angeles,37.630219303546866,111.85386099713969,53186,TX
Chicago,-59.81649323686054,-30.941423351418393,211877,TX
Los Angeles,-34.13546690870095,-44.759421455102625,264331,AZ
Phoenix,7.885204423472985,-166.08646281158738,739753,AZ
Phoenix,61.36527558531668,56.546154402774135,653328,IL
Houston,-47.38580795099896,-99.85537487350325,482499,CA
Chicago,67.2894499241765,66.06648657984925,341331,CA
Houston,42.253399710942205,93.6609797100624,11877,TX
Los Angeles,31.36736908819624,136.72658342652255,858399,IL
Phoenix,-66.0771411175331,17.37000305619989,264698,TX
Houston,-4.639336861862617,118.7919380268545,487486,AZ
Phoenix,-40.4767956495328,80.34670933253295,928894,IL
Houston,15.865727082889975,-52.92677833916429,216996,TX
New York,31.24789053369959,-141.68561709261164,899261,CA
Chicago,-78.23386273961853,-92.81881924766682,980026,NY
Houston,25.953656059462034,124.04802694186606,815488,AZ
Los Angeles,-0.33925043823541046,12.391837636525054,962816,TX
Phoenix,60.96449561647975,59.602509873926664,566429,IL
Phoenix,52.787427490240304,110.18670272730259,651626,IL
Chicago,-15.665012202093948,60.13542313662137,159899,TX
Chicago,85.71684166826674,128.17965685719253,956588,CA
New York,15.643493416367448,-148.9105516910527,421895,TX
Houston,83.45612404854026,145.3128759571282,754288,AZ
New York,39.46751735298761,112.54388408285308,42170,IL
Houston,-16.640829304353275,145.0827116677845,870352,AZ
Houston,-47.91988605437949,83.10888577654993,79100,NY
Chicago,-6.226418120367427,-81.218315418016,161373,CA
Chicago,78.4886755859192,-139.0034350873119,628025,TX
Houston,-66.55916794738371,-133.3302703370614,834135,TX
Chicago,-7.142952704088799,-0.3942873591099385,895689,CA
Houston,-27.561398525540348,-39.26289250548177,716741,IL
Chicago,66.10922619602647,55.5182737575868,545411,TX
Los Angeles,54.730459003373795,1.1799505507835875,722867,CA
Houston,9.384893464397507,-134.88480093889228,350457,TX
Phoenix,-15.287731598120558,-179.19161590729897,93924,IL
Los Angeles,33.15243384464209,-133.80726741889498,484226,CA
New York,81.5548248542745,-127.1739803457011,183698,IL
Chicago,-71.79091071812816,79.17066889471283,613949,TX
New York,71.78893941729206,-77.29882506559768,249406,CA
Phoenix,-37.038511186415256,-146.29070226764034,904132,NY
Chicago,-89.2409738063682,91.93643979688414,175466,TX
New York,43.380338725499115,158.5749635839968,57403,CA
Los Angeles,51.916504055917784,-143.82637815172168,420354,NY
New York,-35.14341616206446,166.70126645776134,316317,CA
Chicago,50.12049825545847,162.09531262030845,497034,AZ
Los Angeles,53.64331133429235,8.322347168583377,867958,AZ
Phoenix,31.554703186750743,-73.52442906259834,69203,CA
New York,-83.04471343272417,-130.28681734262247,147333,CA
Houston,30.13534591451959,116.58727256837165,736968,AZ
Chicago,77.83304890368348,37.70637678494481,36477,TX
Houston,21.65673780227752,54.467502278514644,35393,AZ
Houston,-23.95377673228603,129.91565692598698,402994,AZ
New York,11.426668526015035,-20.18008940477037,52961,AZ
Houston,88.76626059433559,-47.48097293626566,5993,IL
Los Angeles,-4.935215573596366,94.42969089072625,888260,TX
Phoenix,61.47912567468657,-73.00072993272728,478078,IL
Phoenix,-65.06383807695424,-61.94669790696392,604388,TX
Houston,-79.83343729856546,-42.80715506819476,203196,IL
Chicago,-19.77338988323254,128.28888128266715,330613,IL
Houston,-65.2009353782155,100.48155613929833,984616,CA
Chicago,-30.505044838428198,-75.0895640194059,455783,AZ
Phoenix,38.777007834240834,-128.29954988257697,484768,CA
Los Angeles,-9.812168044164238,-38.59445486110701,85177,CA
Chicago,-32.18143438058793,44.83862859653158,52089,CA
Phoenix,70.47070578666995,63.44890621147266,122369,NY
New York,-88.30281143078139,-107.84515714505213,217665,TX
Houston,56.525102445748104,-90.21531524259959,678123,CA
Chicago,21.828382448856985,154.83643886712616,419273,CA
Los Angeles,-81.63797212260619,-41.37846663551716,971350,NY
Houston,-83.85225978207458,-66.9086512679096,174228,NY
Phoenix,-59.05789116528575,70.45568702763057,201521,AZ
Phoenix,85.93305710457338,-11.564248060105086,523158,CA
Phoenix,-74.57239491600217,-91.15130023810397,286093,TX
Chicago,42.994036348492614,-32.65302419037627,646276,CA
New York,-17.713411747687914,-128.08970043379838,505820,AZ
New York,-47.40378239723563,-79.35706780164284,672177,CA
Phoenix,13.500809094038019,-29.35348254908905,786017,NY
Houston,-23.726194117979247,6.477797364057892,7210,NY
Los Angeles,-34.167189063343294,86.99664754810311,92276,AZ
Houston,-46.867991018362275,-41.42030706207373,833497,AZ
Chicago,-7.592877902802627,16.453676513863883,362125,NY
New York,-59.471102598554495,162.362267582875,804309,NY
Los Angeles,63.35058286900295,114.59386503188131,654617,CA
Phoenix,16.51369523237399,-94.67682297971328,782002,AZ
Phoenix,-78.68133176061772,-103.14600051613728,136219,CA
Chicago,-7.7321573815660685,58.57073940522321,167766,NY
Chicago,23.326263341015405,34.31877653126213,500028,TX
Chicago,65.08989271673411,16.874265564816938,287220,AZ
Chicago,-85.77366234340492,-124.49851885017465,338359,CA
Phoenix,-7.870423024961653,-49.45764646579559,830303,AZ
Phoenix,37.05135993898993,93.3733930256891,971219,TX
Chicago,-54.6969905449957,80.49170645919628,465045,IL
Phoenix,-50.15774140461869,-120.53742801693863,865149,NY
Chicago,-1.8587226807556192,-26.33044212048594,251175,TX
Los Angeles,69.20903363079418,-20.623136532591076,470730,IL
Chicago,-18.311168840660784,3.0894583811129905,597905,CA
Chicago,-2.792443383380899,-13.982951842643246,28961,TX
Los Angeles,24.43648665339545,0.6176348193236265,290918,IL
New York,-34.05878515462346,112.73200497805612,761553,TX
Houston,66.07547685551162,-39.791640641559496,604616,IL
Chicago,83.13472013925224,18.72910036463125,934969,CA
Los Angeles,27.055327351643896,38.43609828041102,96312,CA
Los Angeles,24.925713688380796,159.22981695013198,273831,CA
Phoenix,31.239140638541954,55.7050516432694,588506,CA
Chicago,-55.09853095816716,-132.95404374468853,386504,CA
Los Angeles,41.82703715574951,29.684758217343017,663457,IL
New York,-27.544080280369485,58.290814719429164,335948,CA
New York,88.80347987400788,-176.57940656692907,784673,TX
Houston,45.390178837094254,-152.8898753879316,9837,TX
Phoenix,15.07797779333302,-173.16068576566204,409957,CA
Phoenix,74.20241256560541,-162.62893874774645,896275,TX
Phoenix,84.60723927219803,-147.7205807288121,586091,CA
Chicago,57.253409426530595,164.81357709710176,930335,TX
New York,46.1875059710207,-105.58047997641569,261937,AZ
Chicago,-79.081782588598,-106.35921620074228,393918,NY
Los Angeles,37.082882441373016,128.671012829546,158782,TX
Houston,-29.564150257671123,90.9923569737013,217568,TX
Houston,77.38432097471906,63.29353249559287,851087,NY
Chicago,20.117370117329514,-28.175275478834664,602963,AZ
Houston,-23.28237723120118,-168.77628067336093,326212,NY
Chicago,-28.983935204207597,117.55432600681434,48034,TX
Phoenix,9.869649271727923,129.88665410016398,529795,CA
Los Angeles,-1.5303705485408443,-6.554494008002081,461651,AZ
Phoenix,-19.642493221210955,52.15827340053974,742982,TX
Houston,-52.47833433473746,-8.044447943115529,76807,CA
Los Angeles,53.365020813073784,-73.38283124022578,442663,CA
New York,-11.986033696524132,14.506369147625577,751299,AZ
Chicago,-72.19876006506104,67.89558227818824,339242,TX
Los Angeles,-74.6273460130267,-124.35966193574492,412183,IL
Chicago,-47.139055410224756,11.057577863343198,303403,CA
Los Angeles,9.401308030734995,99.3454976331061,988863,NY
Houston,-63.363908282463115,-8.78731663860168,703013,IL
Phoenix,-51.296933224479574,-123.51799476906243,559212,NY
Houston,0.3065791511402125,133.10100894169278,765351,AZ
New York,-50.803129272819675,62.58918680631501,630742,CA
Houston,64.45158248482869,47.71002691127535,427676,CA
Los Angeles,16.201540592223466,54.601667172418416,401343,AZ
New York,-74.55122719995853,-91.77829398141043,949039,CA
Los Angeles,-64.82055814121597,-2.7671137336188565,728804,IL
Phoenix,-54.86867247471993,-62.644521923028236,214973,IL
Chicago,23.38098083862046,120.06989699706071,454949,AZ
Phoenix,-70.98292766491701,31.954969872159808,864608,TX
Phoenix,-82.20785102034623,78.22577079014673,379291,CA
Phoenix,41.12286896597871,57.708505013118156,910417,IL
Los Angeles,-3.9371986466101134,-5.860651965347017,762982,NY
Chicago,62.78276054182467,109.74789862843488,79880,CA
Los Angeles,52.71440650043414,41.53205392663597,290001,IL
New York,-40.76861304981541,-98.3572335127122,707097,IL
Los Angeles,-55.393331007994774,-75.33075385336615,700152,IL
Phoenix,2.9357140418668735,117.70827568127493,469611,TX
Houston,-75.58125688785495,158.84328949055538,457024,AZ
Houston,23.915115835722517,17.281309409054927,611010,TX
Los Angeles,-87.80770580952637,-41.20536223638533,200455,NY
Phoenix,54.5589395283703,45.004276624236184,158589,NY
Phoenix,70.3254996904395,-5.937598679605571,797703,AZ
Houston,89.31607103130409,123.01007695317236,258068,AZ
Chicago,-28.060683893974442,119.8780606201654,299687,IL
Chicago,11.146728778821782,-15.784699551667643,101253,NY
Phoenix,65.33303801461045,109.64959909590857,306053,IL
New York,-6.814979205691628,-110.53571796353211,410973,AZ
New York,-30.733432690089735,-45.39094776824345,232909,NY
New York,-81.21147602537947,-151.34335424035405,375848,IL
New York,-19.066785316983854,110.80592931897633,817480,CA
New York,-75.79956056485682,171.08752764090366,771466,CA
Houston,-24.66071067390638,27.635155059779407,147724,IL
Phoenix,-28.254238853175202,95.93866614057794,988921,TX
Los Angeles,26.492535278087047,-35.426124401388506,387938,IL
Houston,-24.106199204882714,22.15907982416448,433555,NY
Houston,-20.84928074121767,-54.951943515816566,704680,AZ
Phoenix,-38.45688044260898,70.86505243956694,180592,IL
Chicago,19.43665881734691,-91.35182673887282,677794,NY
Houston,-19.916975955382426,-124.83278964322653,5368,NY
Houston,80.74584486660862,143.48127567173748,367364,CA
Los Angeles,70.55485752569498,131.14134661872146,34708,IL
New York,-47.35494689240186,120.58562970624263,848117,TX
Houston,-17.28499260523452,115.75533436568219,609282,TX
New York,24.224861334702226,82.62179225986176,476754,AZ
Phoenix,-87.06390652589343,134.91350563080562,917637,AZ
Houston,-49.065859632888625,-104.3228438464415,591442,CA
Los Angeles,-38.69463650904013,133.34497472334817,812587,IL
Los Angeles,-17.56854618829024,150.40499167591645,573680,AZ
Phoenix,70.07620846831088,77.76136540087083,419905,IL
New York,-72.66113383530575,35.76651585453354,933063,TX
Chicago,-78.15004823163846,-95.01468938377339,63801,NY
Phoenix,29.59528541765539,131.8178512073959,179713,TX
Chicago,-24.39104706569512,27.657866998674905,172602,CA
Los Angeles,-58.010295062871336,39.840946260849165,396811,IL
Los Angeles,36.32504789650592,38.3620771612992,829619,NY
Houston,-46.27070312579635,132.04061201293342,871833,NY
Los Angeles,11.815159763478974,-130.6882190587046,409497,CA
New York,-16.423833450198657,-157.7979603934167,428387,NY
Los Angeles,-24.981096116173163,-99.36584791892987,593805,IL
Houston,39.80550112851779,-2.966487485967548,645186,TX
Phoenix,20.41361322133723,-11.010290547352895,236102,IL
Houston,2.4915500180964187,4.331158518259542,166834,AZ
Phoenix,-66.94474277553415,-138.83931045036874,893057,NY
Houston,15.415305289382346,105.44126471153731,487287,NY
Los Angeles,34.69535316197536,-71.23538028743583,419922,IL
Chicago,56.66389415218421,148.76279580808716,303948,CA
New York,-36.10708649676007,122.38681233576227,814736,IL
Chicago,-42.42398976180066,-157.15356305234496,598814,TX
New York,44.77905979082948,-160.7169896400703,486034,CA
Los Angeles,-5.858336748933823,46.432272201995545,226372,NY
Houston,-16.946034631558945,-152.180612203706,939734,NY
Houston,-61.08824745113826,25.861665369917233,886112,CA
Phoenix,-11.852216140199786,-151.50109183748003,627864,CA
Chicago,40.70289232834156,-7.434569076213279,265785,CA
New York,-8.900535091119721,-29.121611849229453,481084,NY
Houston,67.09146834004605,32.73624517868052,370657,NY
Los Angeles,-89.24235622367036,-51.76980284524785,627861,NY
Houston,-57.606036735647756,-129.5830113731455,363950,NY
Phoenix,20.630983428795915,123.16178945168679,264191,NY
Houston,30.956711311423618,-72.25170387064531,58814,IL
Los Angeles,-40.37371847239758,-155.71334891956332,839799,IL
Houston,79.54045375765108,0.21413659967194576,651408,IL
New York,-30.484233803434698,135.96300215695788,550982,CA
New York,-15.985764013109787,-78.94071902616534,538786,NY
Houston,85.74810943989328,-17.728942639530743,32298,IL
Los Angeles,-3.7457317768158163,-35.075565328676106,145122,CA
Los Angeles,20.31605089536724,-162.58032397971243,940668,TX
Houston,7.23211634746005,132.60490790195115,281943,AZ
Los Angeles,-58.04908324403536,93.19727440778604,133725,TX
New York,88.47021377543945,-145.5231986235915,894629,TX
New York,-79.36683954389291,-132.42028315503083,106465,AZ
New York,87.02921063306056,-176.19052966598358,644355,CA
Phoenix,-5.760773152451719,174.8585596170102,580654,AZ
Chicago,-55.87084655204925,-30.17512941012461,151099,CA
New York,-59.95245700718361,154.94033043178916,979816,TX
Houston,28.00442820741567,-28.748422463362544,353775,AZ
Phoenix,37.945419146074016,-142.63186928555604,284097,TX
Houston,71.76501083696093,-56.40329509293869,819912,AZ
Los Angeles,-47.42655965294749,-29.436613421526857,157779,AZ
Chicago,-12.021942850533847,-116.41883169963029,504837,NY
Phoenix,84.8145364266203,-160.73717159011903,364888,IL
Los Angeles,-12.959526370010622,-66.05342710892302,939232,IL
Los Angeles,-7.275354588636887,14.145577734288793,500545,TX
New York,-38.0644726856112,-88.08260700858774,702086,TX
Houston,66.77120307958921,165.1262294566318,213297,TX
Los Angeles,-24.188060941159293,-6.687075203275327,198051,NY
Los Angeles,24.39734578361903,-133.10218037177967,949338,NY
Los Angeles,-57.13212001710292,-31.142404777056385,958320,TX
Chicago,20.83368399537555,74.772030572359,40081,NY
Phoenix,78.1137170947934,-4.626572140790245,692370,AZ
New York,49.82967155814552,-60.75579864836142,870225,AZ
Phoenix,-77.8153717958481,-141.73200219408432,261253,AZ
Los Angeles,24.11347006285024,-14.559936083771788,100419,IL
Chicago,10.561176955641287,-144.94095615804326,660389,AZ
Los Angeles,-29.0565791838552,-46.48238276765369,417976,IL
Houston,61.686455357859614,-138.15926397466336,362318,AZ
Phoenix,52.5073877414174,63.41770742558555,237900,TX
New York,26.74909777168682,98.13725801873136,791107,IL
Chicago,43.95271795469236,-92.34531520950208,514723,NY
Phoenix,-55.230760998422554,-153.10227231816063,689819,IL
Los Angeles,75.66577885937858,-55.06904128248961,277351,CA
New York,30.245801512628788,21.789942935191704,24130,IL
Chicago,-5.79287949027038,96.45771103191265,858899,AZ
Los Angeles,-55.24051187134487,-34.956778819562146,889356,AZ
Los Angeles,32.897404831818875,-48.25965525738607,525221,AZ
Phoenix,-72.59093866272147,147.001221474796,230440,NY
Los Angeles,-32.44541368261171,-18.11291146231153,16913,TX
Los Angeles,13.28068645861191,-19.001497467890943,604462,IL
Chicago,26.297127978092192,-32.4003199152167,158946,NY
Los Angeles,-86.88056768814018,-49.24094564793447,815561,CA
Houston,-88.41420234441333,82.25381160737822,845925,IL
Houston,-69.93691793774846,-78.55826103196694,874563,AZ
New York,48.29922442773716,-43.6407156221606,586032,NY
Houston,12.078452654841541,-78.37547313498361,999244,NY
Houston,19.514496206190557,25.314795789133,352684,IL
Phoenix,18.61724298375846,165.7408500845243,768390,NY
Houston,-83.37289101394897,-39.49383758231636,794709,NY
Los Angeles,-58.98969370583965,168.55331542457458,770298,NY
Phoenix,41.015939032336576,56.409133319085925,302433,IL
Houston,26.229253410118844,106.36042449287095,137977,AZ
Los Angeles,-9.84777446720976,-60.11883300943336,897295,NY
New York,-86.3280826110661,-99.20804190150088,246118,NY
Phoenix,-14.96800126516439,27.651684041926956,394628,TX
Los Angeles,-45.368248907195365,176.6704031657497,803776,CA
Phoenix,35.50846361619456,75.6683076676255,800714,TX
New York,58.44184553516058,65.38487706733332,209827,AZ
New York,0.6851839082976454,-17.963128988473045,699925,TX
Phoenix,-17.36539316727415,136.61453105857777,217618,IL
Los Angeles,-40.85237150937001,70.90841524382392,994084,TX
Chicago,-73.33006381019295,62.95793635962056,928879,IL
Phoenix,-23.08530281143014,-74.68827086025559,488253,TX
Chicago,32.04576336221993,164.7840235144899,215891,TX
Los Angeles,29.89397325734619,-89.86035009351119,581618,CA
Houston,-15.700047043221318,8.527338074589125,299024,IL
Phoenix,83.87610859230327,-57.75995524704743,796929,AZ
New York,79.21345805392701,-114.9209084076678,483883,NY
Houston,67.6171390132788,-128.12638420674298,198170,AZ
Los Angeles,-11.556323375759163,-74.55962570589475,422158,TX
New York,44.375781753718,68.0325928521599,144024,AZ
Phoenix,77.21996694984296,170.9215452624594,777990,TX
Los Angeles,42.77465561190402,127.17612631612047,94903,TX
Phoenix,-33.16308778005366,-101.51015428450283,210490,NY
Houston,-77.75856140197769,-151.77139018159235,18910,CA
Phoenix,82.44223886398018,67.20502479102964,846803,CA
New York,88.63671161968793,-169.1875817577252,245070,NY
Phoenix,34.85539187625021,129.28419192442294,703712,AZ
Houston,-33.236461954522944,117.1971878491222,697813,IL
Houston,65.70516956977343,105.73211378823072,545217,NY
New York,81.62180044598259,18.87133242955224,514662,TX
Chicago,1.1597243740677499,170.47225228146164,852832,CA
Chicago,-33.90313081665731,-14.988095005236346,212562,CA
Phoenix,-16.855246075266393,175.15168732957494,814418,AZ
Houston,-76.70734684014668,137.473740010283,556814,IL
Los Angeles,11.82024781181488,-134.44488939847588,36293,NY
Los Angeles,-21.80637170496216,142.1631160380793,834378,TX
Houston,69.21731530888087,-70.24777473537839,752662,TX
Los Angeles,-40.40057872788404,96.57016768746013,437706,IL
New York,-88.49333996591174,-179.9247025201374,367109,AZ
Phoenix,42.68926324420406,-80.69494453889644,665276,IL
Houston,-88.66649678592627,93.04141501118983,583472,AZ
Phoenix,8.274798844325431,170.04503363837551,12312,AZ
New York,-57.37338791892171,-118.45346719768669,503032,NY
Los Angeles,19.886249873826586,-14.61177320788758,807219,NY
Houston,-54.38083103080605,31.381089743654258,405326,TX
New York,0.3378808186857327,162.92251945106136,294482,CA
New York,-29.687603407227087,-16.82317579591927,246916,AZ
Phoenix,-57.14011830552487,156.07250276613541,51015,TX
Houston,19.166856121192396,172.14766827619258,589301,CA
Phoenix,-75.20064471439294,158.9875033212462,950299,TX
Phoenix,79.40452299005392,89.54296715713241,43014,AZ
New York,50.063321298465695,-134.55698021103538,681736,CA
Phoenix,74.8561724303533,36.86881180198128,881895,IL
Los Angeles,-82.35589385792096,91.26964190862475,217965,NY
Los Angeles,-89.61485293239369,163.76613517625862,470016,NY
New York,-25.572898055335955,100.06558109808901,791805,CA
Phoenix,21.002496910235436,14.016596315974738,437468,CA
Los Angeles,-46.008800171944834,-106.14107928158664,273318,AZ
Chicago,8.878640094416966,-15.459813533323057,523928,CA
Chicago,19.080293172768236,49.78830804013796,67808,NY
Phoenix,-62.70714094211587,-63.144300627498495,537008,AZ
New York,48.39703482233705,-15.677836805154328,711528,TX
Los Angeles,78.54464614512906,-173.75026227640154,436475,NY
Houston,25.222991989484683,136.4490140172785,443683,IL
Houston,80.61278056016513,-167.48427617022492,896440,AZ
Los Angeles,-45.695917223185184,-32.65551882817684,990689,IL
Phoenix,-83.42738263687451,3.950640675384591,723051,CA
Chicago,-45.461593768996835,170.07048987402322,165566,TX
Chicago,26.660024146447697,156.6588626391515,816911,CA
Los Angeles,17.5742857602785,52.68962758855466,751527,NY
Chicago,-41.86697820596778,30.25931784306482,712250,TX
Los Angeles,-16.55148696941619,-48.039872025646815,79073,NY
New York,-23.8256593166508,-165.20854389421973,247884,TX
Chicago,81.07663463108804,-83.62540824467966,833138,IL
Phoenix,-33.41914898666024,125.18019320621534,459949,NY
Chicago,-55.2396843260552,53.376904909644054,676308,NY
Los Angeles,11.810276468871905,113.19341642640649,664218,CA
Houston,-67.53170670928488,121.31038087432125,634509,AZ
Chicago,1.4165797403128835,-157.6053456553442,596993,NY
Los Angeles,33.650041191060154,-58.62854034994294,752131,TX
Chicago,79.78735592498938,63.35546182495423,427262,CA
Chicago,70.60638536044101,127.11180626571257,471476,AZ
Chicago,61.418863509952644,108.51589824189136,911181,NY
Houston,-19.102900275567663,-28.027392024623367,893847,IL
Los Angeles,70.91537995413395,155.55702576040005,914749,CA
New York,38.99500142295321,-71.74184681874885,853081,IL
Phoenix,-10.525131528126863,-44.72053550967024,203815,TX
Houston,11.53411405524723,-114.68850035914546,149668,CA
Phoenix,-11.500044467464136,-98.30861050741657,824178,CA
Phoenix,-54.57821684863445,-176.86327597915692,851899,CA
New York,-8.696264561978467,-68.94334004512264,485336,AZ
Chicago,55.33374226090686,-69.63473439593909,398065,AZ
New York,-42.01414976907279,-155.78096950057147,642807,NY
Phoenix,25.261288928410195,-57.42796093704422,564484,IL
Houston,9.58917758648714,-71.50202290798639,281292,NY
Phoenix,75.6196012105313,107.65965375677536,884967,IL
Phoenix,44.31053065114045,-123.7511941602744,839844,NY
New York,-24.94954473447605,81.02969477750923,992996,CA
Los Angeles,11.110752081838271,-133.2049286639061,344433,CA
Phoenix,74.0181601621876,-1.3558188436765874,320778,IL
Los Angeles,-49.233494360082965,85.09821796098629,825658,CA
Chicago,-4.593002741779259,38.32404709085955,424395,NY
Phoenix,-50.09748792082228,52.515749572098855,87987,AZ
New York,-14.6836025074481,-105.70653457347218,646816,TX
Chicago,-79.51981818783436,117.86498089984542,876930,NY
Houston,67.67468015339398,162.76121237280603,775709,IL
Phoenix,86.08423526789412,-124.42700109536815,456753,CA
New York,12.205518898829467,139.77617619633054,644050,TX
Phoenix,9.733309803633475,-36.831022014789795,937871,TX
New York,82.04821026330157,71.58067616150313,856418,CA
New York,-19.216496472834436,2.4194047577430524,194611,NY
Los Angeles,21.796344554904138,105.60214705983901,882549,CA
Phoenix,60.70700043930236,-163.69828163237779,645436,AZ
New York,1.0339443769617986,-63.472758717846745,294404,IL
New York,-50.13034134633713,-162.90479203126057,672074,CA
Chicago,56.28627342818214,159.01191585413278,368290,NY
Phoenix,-41.195619687172446,-118.74561535570197,778770,AZ
Chicago,61.87966547698605,-27.156612719753014,977442,AZ
Los Angeles,80.03035029242204,50.92061321961202,382478,NY
Los Angeles,8.28894256620137,-13.859550511653055,200451,IL
New York,-81.12643278949344,13.155236735771865,28386,TX
New York,82.01120652738422,-106.55367882416445,222582,AZ
New York,59.638375352303854,-155.86954218063798,436562,NY
Phoenix,-68.87532571242984,-87.34018090095698,883776,AZ
Phoenix,23.2897738393078,-65.8236567733169,833120,TX
Houston,-33.189803901004325,-30.30700310804238,122926,NY
New York,-30.540597256632843,-73.45793877742601,73914,AZ
Chicago,14.455356011367414,-167.10805159024804,297815,NY
Houston,38.13840147890423,-145.94113254617946,699548,NY
Phoenix,-87.97791108918398,62.57460939377995,286689,TX
Phoenix,-62.518899055346544,-157.26479686741962,936832,NY
New York,72.5042677848555,-163.363103406947,737378,IL
Chicago,-0.9014393220862189,112.24304564846858,780608,AZ
Chicago,-1.462157216505446,-165.15235055653918,9786,CA
Los Angeles,61.256675193632134,-155.25598953217957,263668,IL
New York,-66.71250951896732,17.82456040411776,991740,IL
Phoenix,38.45957584929755,-20.57600811733812,287384,NY
New York,1.1206135587320603,167.20267993199906,944934,IL
New York,43.485998505208954,157.26479578562254,580885,IL
Los Angeles,32.26811823755159,57.67871890108597,151902,IL
Los Angeles,29.96719443840233,-154.1277260091444,826121,NY
Houston,64.08681780653626,1.1484301089237192,336737,IL
New York,9.140390212164533,-163.77595856146303,53537,CA
Phoenix,-16.587064259362506,146.8573643688277,122653,IL
Los Angeles,-54.27083458275762,57.593885970232776,954865,NY
Houston,-28.08416685813536,26.60267502903156,466083,NY
Houston,66.58715162811939,-25.954612643038956,305933,TX
Houston,-29.254856993741456,3.4980712272045764,115575,TX
Phoenix,87.37627353847773,-35.893933160171514,461934,CA
Los Angeles,19.437873531976933,-144.13894814048635,764442,AZ
Chicago,56.694201406828,57.95512257319032,196287,TX
Phoenix,-1.2129649999857293,178.70790262947173,28572,IL
New York,27.81979848639004,-139.50249018823297,515889,NY
Chicago,88.11543168565117,177.9054518584224,298139,TX
Phoenix,0.048583849175997784,143.86044610580228,828774,NY
Los Angeles,-42.595345520560095,141.90646449482313,488674,IL
Houston,26.9779069511751,119.24980645863224,48982,NY
Phoenix,75.52930743373508,152.4792537311937,52998,NY
New York,-86.90424919243746,-91.28717477835394,652339,TX
New York,88.66000874816982,-22.625472657697713,545536,NY
New York,8.018709219682805,-7.266633489630152,951718,IL
Chicago,53.899989731620025,-155.52711411392463,626576,CA
Houston,-68.72007216517275,173.1438300189841,388793,NY
Phoenix,-37.52959453617886,68.19931812290903,772824,NY
Chicago,85.88865661104893,-17.43484059253447,71514,IL
Phoenix,-38.17716242699986,177.2141364276792,996433,AZ
Los Angeles,-15.801284450492275,-82.00900349420733,725051,IL
Los Angeles,-39.47379323523706,-58.67259488592153,213580,TX
Phoenix,-5.675834963442767,-111.29217393608977,732756,TX
Chicago,-61.370364311917825,-112.85581037101578,762620,CA
New York,1.5925917682614283,-112.14713620450009,165282,NY
Chicago,-36.28085623183946,39.90127774067997,524681,CA
Chicago,56.722599672663335,-74.11163194707918,90760,CA
Phoenix,-19.84252686540573,162.62204798002767,789766,NY
Chicago,52.689652004560685,114.02135250383196,674447,NY
Los Angeles,25.515832104625233,-121.96592099010236,239889,IL
Phoenix,74.71696297975947,120.23305791205365,20323,CA
Phoenix,55.91232203925534,-55.56323032155508,645580,CA
Phoenix,72.20134514259678,-98.00345982683784,960249,TX
Chicago,4.615576048941847,101.54568403269695,233349,CA
Houston,74.4201056019339,128.51929967971034,205385,IL
New York,-62.146881911460994,165.76165810585314,420989,AZ
New York,-74.80088651088802,-28.72109518144299,127280,CA
Los Angeles,4.683931133451367,22.360099636816926,94391,IL
Phoenix,58.68866847344765,41.3701906691943,695291,IL
New York,-51.80844775956302,45.97347575744362,268284,AZ
Chicago,84.3506906681452,-35.223815131866075,374488,IL
Chicago,-56.656491519934036,-125.15390286715831,239927,TX
Chicago,37.565939564781246,-154.63948834545008,551940,AZ
Los Angeles,74.72159863579924,146.15581943376532,242600,TX
Phoenix,83.76477510123058,-48.04162806107482,746848,CA
New York,29.054151428524335,-114.95255999146235,727884,CA
Phoenix,13.35744272492174,174.0859248095124,634339,IL
Phoenix,-73.64500813238138,109.04683791301005,358018,IL
Chicago,-86.43459833984313,173.22583947117505,612666,AZ
New York,87.43665346648652,-79.62996680854579,776775,CA
Los Angeles,-40.61390888714702,-13.230803422642708,896729,NY
Phoenix,-76.9967792765772,111.12947114892,981761,IL
Houston,6.9262664946219985,18.68072463857402,816030,AZ
Chicago,-33.73244501679737,-52.21315397810983,261947,IL
Houston,-25.633123632695856,-122.96642607781945,296810,AZ
Los Angeles,-26.322585297366793,22.235474827577292,153561,CA
Los Angeles,-45.23591310583808,35.4194459967498,912466,IL
Los Angeles,84.18236423847901,79.46923917826564,425394,IL
Los Angeles,-42.260257161047434,104.58926432069325,471026,NY
New York,10.26894672873415,-137.48087220160204,237521,CA
Houston,-47.04760034876748,46.06312121100319,895761,AZ
Chicago,47.13482979698102,101.31885262378887,665835,NY
Houston,-48.77673254807074,-39.95793984689672,416848,AZ
New York,20.637905457669248,-80.7957807287216,211185,IL
Phoenix,60.11277087456676,-7.324029177874564,455124,TX
Los Angeles,-41.1062114289724,-68.36882331744775,418142,IL
Phoenix,54.583570038877184,3.5477346009384974,451848,CA
Los Angeles,-73.35225970826352,-68.94249234288203,550679,AZ
Chicago,-69.04705903357062,-27.82741950182995,145306,NY
Los Angeles,-17.89491741830483,149.4497977046446,243411,IL
Los Angeles,-16.753258722176156,149.9780279296764,32268,AZ
Phoenix,2.9664916374806154,177.1844132542301,624190,NY
Phoenix,-85.73613951544712,-4.995576089639513,166341,IL
Phoenix,-68.91475767764805,-119.50602869447326,691724,TX
New York,-88.15050414571448,140.04958994223603,951296,TX
Los Angeles,81.81399606692815,34.863583594539676,284686,IL
Phoenix,-33.59708461892497,89.17923046946532,248966,CA
New York,33.852608126768516,-121.46609064690904,923861,TX
Chicago,19.519313243630634,-64.90865899194493,929192,AZ
Chicago,40.447570210927324,-80.92151164914333,115597,CA
Los Angeles,68.91339948189213,21.512241200251253,659929,CA
Phoenix,-48.03336886036464,178.98309455969155,811021,IL
Los Angeles,-13.364636816168954,40.44553042257539,397754,AZ
Los Angeles,-30.880018776514163,26.230941520228754,273509,AZ
Los Angeles,-75.1563027054861,93.26975107858175,868499,NY
New York,-84.25340218857448,-61.62653477201691,345849,TX
Los Angeles,47.66207118963109,-88.85113434948924,228202,TX
Chicago,-66.7390536317266,121.69590107443702,704082,CA
Phoenix,-87.23447827303787,165.79856197680817,822785,CA
Houston,-11.086223000415572,-28.293351603829905,139275,IL
Houston,-31.99191652258655,-165.1447820175737,762504,AZ
Houston,-78.1006727756096,-115.50214009410224,288902,TX
Phoenix,-80.71351743202545,128.51327725974062,161389,NY
Los Angeles,74.36810695192295,-136.20788820335946,245948,TX
Phoenix,79.14122581485037,94.68223865650992,613604,TX
Phoenix,-3.1877013067933717,43.28818380382569,60565,TX
New York,62.691253801067774,81.62389892212963,68892,CA
Phoenix,54.01671693994459,-87.62740264209671,163312,AZ
New York,14.283557547342156,-173.40122233927653,860198,AZ
Chicago,45.144546249705655,-165.68840226963547,491568,TX
New York,77.49744918068856,80.94588530896834,590656,AZ
Houston,11.93496302176763,40.82307594792178,215566,IL
New York,2.1004572762769556,122.563128704841,727492,CA
Chicago,-89.36214924118023,-36.27095821596717,204950,CA
Phoenix,7.585605092037326,19.998485637418582,828913,AZ
Houston,57.150168503506876,102.06205796415884,909968,TX
New York,47.17862187282532,-1.2057869394565444,979300,TX
Los Angeles,26.243362709535944,177.60546816283653,277187,TX
Phoenix,-85.57474672417635,87.44101850991757,130751,AZ
Houston,76.56560484914297,65.99175854006754,585567,TX
Houston,-12.760923835622066,108.55158773580808,21782,AZ
New York,12.87628755937439,99.78847190549669,466140,NY
Phoenix,-18.408839537995036,-100.90971056884716,813535,AZ
Phoenix,-27.201696284209312,-104.26178039645336,402318,IL
Los Angeles,1.9068939582456466,38.18673533284749,723871,TX
Los Angeles,-0.9542166834188492,-23.022645680304606,435648,TX
Houston,-25.845377093192923,133.76757755132286,187591,CA
Houston,54.69374985042765,-75.56316730004616,202144,AZ
Chicago,-80.88924301926356,-60.89059924645859,993615,NY
Houston,-68.93593440687728,-120.12705054910698,518441,TX
Los Angeles,-75.14285950853554,173.4271090975609,992618,CA
New York,11.698718211843854,-138.22324812824021,593341,AZ
Chicago,-15.74702183695507,173.84399722673817,931805,CA
Houston,-8.632064050051298,74.30135903023793,642430,NY
Los Angeles,13.81457159483179,-147.90550032578986,161449,AZ
Chicago,-31.685735045280865,-125.27446002589836,551715,TX
New York,-57.037247735885806,-62.29037918587794,31368,AZ
New York,-34.77021472434571,-86.27541636695828,44674,TX
Los Angeles,88.91787396837398,170.32618939561075,555251,IL
Phoenix,81.48397979587966,40.803148603181455,436140,TX
Los Angeles,82.19433268564381,-153.21961797787716,832677,CA
Los Angeles,-85.026507512983,9.145662368849372,152962,NY
Los Angeles,-73.89879990726152,142.97032543583492,218617,AZ
Phoenix,-81.77229288037255,-30.174544870305738,209696,IL
Houston,56.78486566501263,59.807000404662176,745082,IL
Houston,88.44631111063964,98.34932903842008,989251,IL
New York,7.737884691064735,-113.38955105145234,193545,CA
Houston,36.14968083265043,127.98026675940469,338723,TX
Los Angeles,-26.59985300364923,-18.42438228196127,920759,IL
Houston,47.77224914242407,-159.59210496054592,593699,NY
Phoenix,28.09498436628276,136.4052192648731,192094,NY
Houston,54.17292374242555,23.16715583470551,58093,AZ
Los Angeles,0.004314494127839907,-108.60416957315897,988575,NY
Houston,-55.07681127320282,-65.71799169910119,618624,TX
New York,-4.369805441764328,24.9742671792132,226410,TX
Houston,-33.82331027055549,-45.29734712461925,244303,IL
New York,34.93924770403824,-95.98246330423731,655723,TX
Chicago,-65.36705040491273,-7.448258586583705,898585,TX
Phoenix,-30.256017590454526,-113.38353802732209,883355,IL
New York,-88.81611310543744,-91.66349741673842,744651,AZ
Chicago,56.79457299843389,117.62425790923578,887695,TX
Chicago,-16.80726407186293,-97.72516053798219,814817,TX
